{
  "n_points": 1000,
  "cutoff_mahal2": 16.38835209027257,
  "band_per_dim": [
    0.7583588545790836,
    0.12637037823510774,
    20.22143957914732
  ],
  "features": [
    "T",
    "pH",
    "RPM"
  ]
}